{"Labels": {"_type": "images/separated", "width": 1600, "height": 1600, "format": "png", "count": 1, "filenames": ["media/images/Labels_0_5e263361af746694b66a.png"], "captions": ["labels.png"]}, "_timestamp": 1649302529, "_runtime": 157, "_step": 53, "Mosaics": {"_type": "images/separated", "width": 1280, "height": 1280, "format": "jpg", "count": 3, "filenames": ["media/images/Mosaics_1_5760e8538eccd1fffe6d.jpg", "media/images/Mosaics_1_b793acc4ec07ad8eb783.jpg", "media/images/Mosaics_1_4fa23c4e10541efc3efe.jpg"], "captions": ["train_batch0.jpg", "train_batch1.jpg", "train_batch2.jpg"]}, "train/box_loss": 0.0455322228372097, "train/obj_loss": 0.1303156018257141, "train/cls_loss": 0.016365334391593933, "metrics/precision": 0.17321169730659425, "metrics/recall": 0.45390495378218254, "metrics/mAP_0.5": 0.28229452791476145, "metrics/mAP_0.5:0.95": 0.1586138620860877, "val/box_loss": 0.0403415784239769, "val/obj_loss": 0.12306439876556396, "val/cls_loss": 0.015175851061940193, "x/lr0": 0.0018817531488875834, "x/lr1": 0.0018817531488875834, "x/lr2": 0.06238175314888758, "_wandb": {"runtime": 191}}