{"Labels": {"_type": "images/separated", "width": 1600, "height": 1600, "format": "png", "count": 1, "filenames": ["media/images/Labels_0_0.png"], "captions": ["labels.png"]}, "_timestamp": 1647227996, "_runtime": 347, "_step": 638, "Mosaics": {"_type": "images/separated", "width": 1280, "height": 1280, "format": "jpg", "count": 3, "filenames": ["media/images/Mosaics_1_0.jpg", "media/images/Mosaics_1_1.jpg", "media/images/Mosaics_1_2.jpg"], "captions": ["train_batch0.jpg", "train_batch1.jpg", "train_batch2.jpg"]}, "train/box_loss": 0.01929228939116001, "train/obj_loss": 0.1656452864408493, "train/cls_loss": 0.00014255099813453853, "metrics/precision": 0.6775081683972054, "metrics/recall": 0.9297281665702718, "metrics/mAP_0.5": 0.8895512800734586, "metrics/mAP_0.5:0.95": 0.62614210321182, "val/box_loss": 0.021934840828180313, "val/obj_loss": 0.23780155181884766, "val/cls_loss": 0.0001950329460669309, "x/lr0": 0.002070850997085245, "x/lr1": 0.002070850997085245, "x/lr2": 0.002070850997085245, "_wandb": {"runtime": 354}}