{"Labels": {"_type": "images/separated", "width": 1600, "height": 1600, "format": "png", "count": 1, "filenames": ["media/images/Labels_0_0.png"], "captions": ["labels.png"]}, "_timestamp": 1647231820, "_runtime": 2567, "_step": 638, "Mosaics": {"_type": "images/separated", "width": 1280, "height": 1280, "format": "jpg", "count": 3, "filenames": ["media/images/Mosaics_1_0.jpg", "media/images/Mosaics_1_1.jpg", "media/images/Mosaics_1_2.jpg"], "captions": ["train_batch0.jpg", "train_batch1.jpg", "train_batch2.jpg"]}, "train/box_loss": 0.018971959128975868, "train/obj_loss": 0.08764205873012543, "train/cls_loss": 0.0006124461069703102, "metrics/precision": 0.33584940489581483, "metrics/recall": 0.5362206040565618, "metrics/mAP_0.5": 0.4109826311195402, "metrics/mAP_0.5:0.95": 0.2958267091405535, "val/box_loss": 0.024051526561379433, "val/obj_loss": 0.11423496901988983, "val/cls_loss": 0.0006918837898410857, "x/lr0": 0.002070850997085245, "x/lr1": 0.002070850997085245, "x/lr2": 0.002070850997085245, "_wandb": {"runtime": 2615}}