{"Labels": {"_type": "images/separated", "width": 1600, "height": 1600, "format": "png", "count": 1, "filenames": ["media/images/Labels_0_0.png"], "captions": ["labels.png"]}, "_timestamp": 1648264277, "_runtime": 502, "_step": 118, "Mosaics": {"_type": "images/separated", "width": 1280, "height": 1280, "format": "jpg", "count": 3, "filenames": ["media/images/Mosaics_1_0.jpg", "media/images/Mosaics_1_1.jpg", "media/images/Mosaics_1_2.jpg"], "captions": ["train_batch0.jpg", "train_batch1.jpg", "train_batch2.jpg"]}, "train/box_loss": 0.028970755636692047, "train/obj_loss": 0.12613961100578308, "train/cls_loss": 0.0007763782632537186, "metrics/precision": 0.2356951484109272, "metrics/recall": 0.479931358863563, "metrics/mAP_0.5": 0.35512683168573767, "metrics/mAP_0.5:0.95": 0.24088100358235187, "val/box_loss": 0.027358973398804665, "val/obj_loss": 0.11579727381467819, "val/cls_loss": 0.0007818284793756902, "x/lr0": 0.0036488589908301085, "x/lr1": 0.0036488589908301085, "x/lr2": 0.0036488589908301085, "_wandb": {"runtime": 553}}