{"Labels": {"_type": "images/separated", "width": 1600, "height": 1600, "format": "png", "count": 1, "filenames": ["media/images/Labels_0_5e263361af746694b66a.png"], "captions": ["labels.png"]}, "_timestamp": 1649298133, "_runtime": 315, "_step": 118, "Mosaics": {"_type": "images/separated", "width": 1280, "height": 1280, "format": "jpg", "count": 3, "filenames": ["media/images/Mosaics_1_5760e8538eccd1fffe6d.jpg", "media/images/Mosaics_1_b793acc4ec07ad8eb783.jpg", "media/images/Mosaics_1_4fa23c4e10541efc3efe.jpg"], "captions": ["train_batch0.jpg", "train_batch1.jpg", "train_batch2.jpg"]}, "train/box_loss": 0.031517378985881805, "train/obj_loss": 0.12234789878129959, "train/cls_loss": 0.011612760834395885, "metrics/precision": 0.32808579081951383, "metrics/recall": 0.48259719176464666, "metrics/mAP_0.5": 0.39520973927973924, "metrics/mAP_0.5:0.95": 0.25871980235090275, "val/box_loss": 0.029231827706098557, "val/obj_loss": 0.11498783528804779, "val/cls_loss": 0.011737238615751266, "x/lr0": 0.0024598995000251873, "x/lr1": 0.0024598995000251873, "x/lr2": 0.013459899500025185, "_wandb": {"runtime": 347}}