{"Labels": {"_type": "images/separated", "width": 1600, "height": 1600, "format": "png", "count": 1, "filenames": ["media/images/Labels_0_0.png"], "captions": ["labels.png"]}, "_timestamp": 1648320645, "_runtime": 14775, "_step": 3888, "Mosaics": {"_type": "images/separated", "width": 1280, "height": 1280, "format": "jpg", "count": 3, "filenames": ["media/images/Mosaics_1_0.jpg", "media/images/Mosaics_1_1.jpg", "media/images/Mosaics_1_2.jpg"], "captions": ["train_batch0.jpg", "train_batch1.jpg", "train_batch2.jpg"]}, "train/box_loss": 0.012341178022325039, "train/obj_loss": 0.055712927132844925, "train/cls_loss": 0.0017726410878822207, "metrics/precision": 0.5705967494149351, "metrics/recall": 0.6508579384212824, "metrics/mAP_0.5": 0.6590689979984139, "metrics/mAP_0.5:0.95": 0.513768029138177, "val/box_loss": 0.02527017705142498, "val/obj_loss": 0.14146806299686432, "val/cls_loss": 0.010499894618988037, "x/lr0": 0.0020019737585370736, "x/lr1": 0.0020019737585370736, "x/lr2": 0.0020019737585370736, "_wandb": {"runtime": 14820}}